Text,Sentiment
Great product! Fast shipping and excellent quality.,Positive
Terrible experience. Item arrived broken and customer support was useless.,Negative
"It's okay, nothing special but works as expected.",Neutral
Loved it! Highly recommended to everyone.,Positive
Worst purchase ever. Complete waste of money.,Negative
Decent build quality for the price.,Neutral
Outstanding performance and sleek design!,Positive
Poor quality material. Broke after two days.,Negative
"Average product, average delivery speed.",Neutral
Absolutely amazing service! Will buy again.,Positive
Not worth the price. Very disappointed.,Negative
"Acceptable performance, fits my basic requirements.",Neutral
Fantastic experience from start to finish!,Positive
"Horrible packaging, product was damaged upon delivery.",Negative
"Standard item, functions fine.",Neutral
Great product! Fast shipping and excellent quality.,Positive
Terrible experience. Item arrived broken and customer support was useless.,Negative
"It's okay, nothing special but works as expected.",Neutral
Loved it! Highly recommended to everyone.,Positive
Worst purchase ever. Complete waste of money.,Negative
Decent build quality for the price.,Neutral
Outstanding performance and sleek design!,Positive
Poor quality material. Broke after two days.,Negative
"Average product, average delivery speed.",Neutral
Absolutely amazing service! Will buy again.,Positive
Not worth the price. Very disappointed.,Negative
"Acceptable performance, fits my basic requirements.",Neutral
Fantastic experience from start to finish!,Positive
"Horrible packaging, product was damaged upon delivery.",Negative
"Standard item, functions fine.",Neutral
Great product! Fast shipping and excellent quality.,Positive
Terrible experience. Item arrived broken and customer support was useless.,Negative
"It's okay, nothing special but works as expected.",Neutral
Loved it! Highly recommended to everyone.,Positive
Worst purchase ever. Complete waste of money.,Negative
Decent build quality for the price.,Neutral
Outstanding performance and sleek design!,Positive
Poor quality material. Broke after two days.,Negative
"Average product, average delivery speed.",Neutral
Absolutely amazing service! Will buy again.,Positive
Not worth the price. Very disappointed.,Negative
"Acceptable performance, fits my basic requirements.",Neutral
Fantastic experience from start to finish!,Positive
"Horrible packaging, product was damaged upon delivery.",Negative
"Standard item, functions fine.",Neutral
Great product! Fast shipping and excellent quality.,Positive
Terrible experience. Item arrived broken and customer support was useless.,Negative
"It's okay, nothing special but works as expected.",Neutral
Loved it! Highly recommended to everyone.,Positive
Worst purchase ever. Complete waste of money.,Negative
Decent build quality for the price.,Neutral
Outstanding performance and sleek design!,Positive
Poor quality material. Broke after two days.,Negative
"Average product, average delivery speed.",Neutral
Absolutely amazing service! Will buy again.,Positive
Not worth the price. Very disappointed.,Negative
"Acceptable performance, fits my basic requirements.",Neutral
Fantastic experience from start to finish!,Positive
"Horrible packaging, product was damaged upon delivery.",Negative
"Standard item, functions fine.",Neutral
Great product! Fast shipping and excellent quality.,Positive
Terrible experience. Item arrived broken and customer support was useless.,Negative
"It's okay, nothing special but works as expected.",Neutral
Loved it! Highly recommended to everyone.,Positive
Worst purchase ever. Complete waste of money.,Negative
Decent build quality for the price.,Neutral
Outstanding performance and sleek design!,Positive
Poor quality material. Broke after two days.,Negative
"Average product, average delivery speed.",Neutral
Absolutely amazing service! Will buy again.,Positive
Not worth the price. Very disappointed.,Negative
"Acceptable performance, fits my basic requirements.",Neutral
Fantastic experience from start to finish!,Positive
"Horrible packaging, product was damaged upon delivery.",Negative
"Standard item, functions fine.",Neutral
Great product! Fast shipping and excellent quality.,Positive
Terrible experience. Item arrived broken and customer support was useless.,Negative
"It's okay, nothing special but works as expected.",Neutral
Loved it! Highly recommended to everyone.,Positive
Worst purchase ever. Complete waste of money.,Negative
Decent build quality for the price.,Neutral
Outstanding performance and sleek design!,Positive
Poor quality material. Broke after two days.,Negative
"Average product, average delivery speed.",Neutral
Absolutely amazing service! Will buy again.,Positive
Not worth the price. Very disappointed.,Negative
"Acceptable performance, fits my basic requirements.",Neutral
Fantastic experience from start to finish!,Positive
"Horrible packaging, product was damaged upon delivery.",Negative
"Standard item, functions fine.",Neutral
Great product! Fast shipping and excellent quality.,Positive
Terrible experience. Item arrived broken and customer support was useless.,Negative
"It's okay, nothing special but works as expected.",Neutral
Loved it! Highly recommended to everyone.,Positive
Worst purchase ever. Complete waste of money.,Negative
Decent build quality for the price.,Neutral
Outstanding performance and sleek design!,Positive
Poor quality material. Broke after two days.,Negative
"Average product, average delivery speed.",Neutral
Absolutely amazing service! Will buy again.,Positive
Not worth the price. Very disappointed.,Negative
"Acceptable performance, fits my basic requirements.",Neutral
Fantastic experience from start to finish!,Positive
"Horrible packaging, product was damaged upon delivery.",Negative
"Standard item, functions fine.",Neutral
Great product! Fast shipping and excellent quality.,Positive
Terrible experience. Item arrived broken and customer support was useless.,Negative
"It's okay, nothing special but works as expected.",Neutral
Loved it! Highly recommended to everyone.,Positive
Worst purchase ever. Complete waste of money.,Negative
Decent build quality for the price.,Neutral
Outstanding performance and sleek design!,Positive
Poor quality material. Broke after two days.,Negative
"Average product, average delivery speed.",Neutral
Absolutely amazing service! Will buy again.,Positive
Not worth the price. Very disappointed.,Negative
"Acceptable performance, fits my basic requirements.",Neutral
Fantastic experience from start to finish!,Positive
"Horrible packaging, product was damaged upon delivery.",Negative
"Standard item, functions fine.",Neutral
Great product! Fast shipping and excellent quality.,Positive
Terrible experience. Item arrived broken and customer support was useless.,Negative
"It's okay, nothing special but works as expected.",Neutral
Loved it! Highly recommended to everyone.,Positive
Worst purchase ever. Complete waste of money.,Negative
Decent build quality for the price.,Neutral
Outstanding performance and sleek design!,Positive
Poor quality material. Broke after two days.,Negative
"Average product, average delivery speed.",Neutral
Absolutely amazing service! Will buy again.,Positive
Not worth the price. Very disappointed.,Negative
"Acceptable performance, fits my basic requirements.",Neutral
Fantastic experience from start to finish!,Positive
"Horrible packaging, product was damaged upon delivery.",Negative
"Standard item, functions fine.",Neutral
Great product! Fast shipping and excellent quality.,Positive
Terrible experience. Item arrived broken and customer support was useless.,Negative
"It's okay, nothing special but works as expected.",Neutral
Loved it! Highly recommended to everyone.,Positive
Worst purchase ever. Complete waste of money.,Negative
Decent build quality for the price.,Neutral
Outstanding performance and sleek design!,Positive
Poor quality material. Broke after two days.,Negative
"Average product, average delivery speed.",Neutral
Absolutely amazing service! Will buy again.,Positive
Not worth the price. Very disappointed.,Negative
"Acceptable performance, fits my basic requirements.",Neutral
Fantastic experience from start to finish!,Positive
"Horrible packaging, product was damaged upon delivery.",Negative
"Standard item, functions fine.",Neutral
Great product! Fast shipping and excellent quality.,Positive
Terrible experience. Item arrived broken and customer support was useless.,Negative
"It's okay, nothing special but works as expected.",Neutral
Loved it! Highly recommended to everyone.,Positive
Worst purchase ever. Complete waste of money.,Negative
Decent build quality for the price.,Neutral
Outstanding performance and sleek design!,Positive
Poor quality material. Broke after two days.,Negative
"Average product, average delivery speed.",Neutral
Absolutely amazing service! Will buy again.,Positive
Not worth the price. Very disappointed.,Negative
"Acceptable performance, fits my basic requirements.",Neutral
Fantastic experience from start to finish!,Positive
"Horrible packaging, product was damaged upon delivery.",Negative
"Standard item, functions fine.",Neutral
Great product! Fast shipping and excellent quality.,Positive
Terrible experience. Item arrived broken and customer support was useless.,Negative
"It's okay, nothing special but works as expected.",Neutral
Loved it! Highly recommended to everyone.,Positive
Worst purchase ever. Complete waste of money.,Negative
Decent build quality for the price.,Neutral
Outstanding performance and sleek design!,Positive
Poor quality material. Broke after two days.,Negative
"Average product, average delivery speed.",Neutral
Absolutely amazing service! Will buy again.,Positive
Not worth the price. Very disappointed.,Negative
"Acceptable performance, fits my basic requirements.",Neutral
Fantastic experience from start to finish!,Positive
"Horrible packaging, product was damaged upon delivery.",Negative
"Standard item, functions fine.",Neutral
Great product! Fast shipping and excellent quality.,Positive
Terrible experience. Item arrived broken and customer support was useless.,Negative
"It's okay, nothing special but works as expected.",Neutral
Loved it! Highly recommended to everyone.,Positive
Worst purchase ever. Complete waste of money.,Negative
Decent build quality for the price.,Neutral
Outstanding performance and sleek design!,Positive
Poor quality material. Broke after two days.,Negative
"Average product, average delivery speed.",Neutral
Absolutely amazing service! Will buy again.,Positive
Not worth the price. Very disappointed.,Negative
"Acceptable performance, fits my basic requirements.",Neutral
Fantastic experience from start to finish!,Positive
"Horrible packaging, product was damaged upon delivery.",Negative
"Standard item, functions fine.",Neutral
Great product! Fast shipping and excellent quality.,Positive
Terrible experience. Item arrived broken and customer support was useless.,Negative
"It's okay, nothing special but works as expected.",Neutral
Loved it! Highly recommended to everyone.,Positive
Worst purchase ever. Complete waste of money.,Negative
Decent build quality for the price.,Neutral
Outstanding performance and sleek design!,Positive
Poor quality material. Broke after two days.,Negative
"Average product, average delivery speed.",Neutral
Absolutely amazing service! Will buy again.,Positive
Not worth the price. Very disappointed.,Negative
"Acceptable performance, fits my basic requirements.",Neutral
Fantastic experience from start to finish!,Positive
"Horrible packaging, product was damaged upon delivery.",Negative
"Standard item, functions fine.",Neutral
Great product! Fast shipping and excellent quality.,Positive
Terrible experience. Item arrived broken and customer support was useless.,Negative
"It's okay, nothing special but works as expected.",Neutral
Loved it! Highly recommended to everyone.,Positive
Worst purchase ever. Complete waste of money.,Negative
Decent build quality for the price.,Neutral
Outstanding performance and sleek design!,Positive
Poor quality material. Broke after two days.,Negative
"Average product, average delivery speed.",Neutral
Absolutely amazing service! Will buy again.,Positive
Not worth the price. Very disappointed.,Negative
"Acceptable performance, fits my basic requirements.",Neutral
Fantastic experience from start to finish!,Positive
"Horrible packaging, product was damaged upon delivery.",Negative
"Standard item, functions fine.",Neutral
Great product! Fast shipping and excellent quality.,Positive
Terrible experience. Item arrived broken and customer support was useless.,Negative
"It's okay, nothing special but works as expected.",Neutral
Loved it! Highly recommended to everyone.,Positive
Worst purchase ever. Complete waste of money.,Negative
Decent build quality for the price.,Neutral
Outstanding performance and sleek design!,Positive
Poor quality material. Broke after two days.,Negative
"Average product, average delivery speed.",Neutral
Absolutely amazing service! Will buy again.,Positive
Not worth the price. Very disappointed.,Negative
"Acceptable performance, fits my basic requirements.",Neutral
Fantastic experience from start to finish!,Positive
"Horrible packaging, product was damaged upon delivery.",Negative
"Standard item, functions fine.",Neutral
Great product! Fast shipping and excellent quality.,Positive
Terrible experience. Item arrived broken and customer support was useless.,Negative
"It's okay, nothing special but works as expected.",Neutral
Loved it! Highly recommended to everyone.,Positive
Worst purchase ever. Complete waste of money.,Negative
Decent build quality for the price.,Neutral
Outstanding performance and sleek design!,Positive
Poor quality material. Broke after two days.,Negative
"Average product, average delivery speed.",Neutral
Absolutely amazing service! Will buy again.,Positive
Not worth the price. Very disappointed.,Negative
"Acceptable performance, fits my basic requirements.",Neutral
Fantastic experience from start to finish!,Positive
"Horrible packaging, product was damaged upon delivery.",Negative
"Standard item, functions fine.",Neutral
Great product! Fast shipping and excellent quality.,Positive
Terrible experience. Item arrived broken and customer support was useless.,Negative
"It's okay, nothing special but works as expected.",Neutral
Loved it! Highly recommended to everyone.,Positive
Worst purchase ever. Complete waste of money.,Negative
Decent build quality for the price.,Neutral
Outstanding performance and sleek design!,Positive
Poor quality material. Broke after two days.,Negative
"Average product, average delivery speed.",Neutral
Absolutely amazing service! Will buy again.,Positive
Not worth the price. Very disappointed.,Negative
"Acceptable performance, fits my basic requirements.",Neutral
Fantastic experience from start to finish!,Positive
"Horrible packaging, product was damaged upon delivery.",Negative
"Standard item, functions fine.",Neutral
Great product! Fast shipping and excellent quality.,Positive
Terrible experience. Item arrived broken and customer support was useless.,Negative
"It's okay, nothing special but works as expected.",Neutral
Loved it! Highly recommended to everyone.,Positive
Worst purchase ever. Complete waste of money.,Negative
Decent build quality for the price.,Neutral
Outstanding performance and sleek design!,Positive
Poor quality material. Broke after two days.,Negative
"Average product, average delivery speed.",Neutral
Absolutely amazing service! Will buy again.,Positive
Not worth the price. Very disappointed.,Negative
"Acceptable performance, fits my basic requirements.",Neutral
Fantastic experience from start to finish!,Positive
"Horrible packaging, product was damaged upon delivery.",Negative
"Standard item, functions fine.",Neutral
Great product! Fast shipping and excellent quality.,Positive
Terrible experience. Item arrived broken and customer support was useless.,Negative
"It's okay, nothing special but works as expected.",Neutral
Loved it! Highly recommended to everyone.,Positive
Worst purchase ever. Complete waste of money.,Negative
Decent build quality for the price.,Neutral
Outstanding performance and sleek design!,Positive
Poor quality material. Broke after two days.,Negative
"Average product, average delivery speed.",Neutral
Absolutely amazing service! Will buy again.,Positive
Not worth the price. Very disappointed.,Negative
"Acceptable performance, fits my basic requirements.",Neutral
Fantastic experience from start to finish!,Positive
"Horrible packaging, product was damaged upon delivery.",Negative
"Standard item, functions fine.",Neutral
